,good_id,item_name,category_id,category_name,min,avg,max,usd,measure,currency_code,city
0,4,"Private Preschool or Kindergarten, Monthly for 1 Child",2,Childcare,750.0,850.0,1000.0,"{'min': '750.00', 'avg': '850.00', 'max': '1000.00'}",money,USD,Willingboro
1,5,"Pair of Jeans in a Chain Store Like George, H&M, Zara, etc.",3,Clothing And Shoes,14.99,36.67,58.35,"{'min': '14.99', 'avg': '36.67', 'max': '58.35'}",money,USD,Willingboro
2,6,Pair of Leather Business Shoes,3,Clothing And Shoes,75.0,91.67,150.0,"{'min': '75.00', 'avg': '91.67', 'max': '150.00'}",money,USD,Willingboro
3,7,"Pair of Running Shoes, Mid-Range Price",3,Clothing And Shoes,50.0,72.67,95.34,"{'min': '50.00', 'avg': '72.67', 'max': '95.34'}",money,USD,Willingboro
4,9,"Apples, 1 kg",4,Markets,4.17,4.41,6.61,"{'min': '4.17', 'avg': '4.41', 'max': '6.61'}",money,USD,Willingboro
5,10,"Banana, 1 kg",4,Markets,0.55,0.87,4.41,"{'min': '0.55', 'avg': '0.87', 'max': '4.41'}",money,USD,Willingboro
6,11,"Beef Round or Equivalent Back Leg Red Meat, 1 kg ",4,Markets,7.72,8.8,10.12,"{'min': '7.72', 'avg': '8.80', 'max': '10.12'}",money,USD,Willingboro
7,12,"Bottle of Wine, Mid-Range Price",4,Markets,8.99,10.0,20.0,"{'min': '8.99', 'avg': '10.00', 'max': '20.00'}",money,USD,Willingboro
8,13,"Chicken Breasts, Boneless and Skinless, 1 kg",4,Markets,7.69,9.74,12.72,"{'min': '7.69', 'avg': '9.74', 'max': '12.72'}",money,USD,Willingboro
9,14,"Domestic Beer, 0.5 liter Bottle",4,Markets,0.66,1.53,3.0,"{'min': '0.66', 'avg': '1.53', 'max': '3.00'}",money,USD,Willingboro
10,15,"Eggs, 12 pack",4,Markets,1.69,2.0,2.5,"{'min': '1.69', 'avg': '2.00', 'max': '2.50'}",money,USD,Willingboro
11,17,"Lettuce, 1 head",4,Markets,0.9,1.0,1.1,"{'min': '0.90', 'avg': '1.00', 'max': '1.10'}",money,USD,Willingboro
12,18,"Loaf of Fresh White Bread, 0.5 kg",4,Markets,1.1,1.83,2.56,"{'min': '1.10', 'avg': '1.83', 'max': '2.56'}",money,USD,Willingboro
13,19,"Local Cheese, 1 kg",4,Markets,4.39,7.34,11.02,"{'min': '4.39', 'avg': '7.34', 'max': '11.02'}",money,USD,Willingboro
14,20,"Milk, Regular,1 liter",4,Markets,0.86,0.95,1.06,"{'min': '0.86', 'avg': '0.95', 'max': '1.06'}",money,USD,Willingboro
15,21,"Onion, 1 kg",4,Markets,1.87,2.65,4.41,"{'min': '1.87', 'avg': '2.65', 'max': '4.41'}",money,USD,Willingboro
16,22,"Oranges, 1 kg",4,Markets,3.31,4.41,6.61,"{'min': '3.31', 'avg': '4.41', 'max': '6.61'}",money,USD,Willingboro
17,23,Pack of Cigarettes,4,Markets,8.55,9.27,13.0,"{'min': '8.55', 'avg': '9.27', 'max': '13.00'}",money,USD,Willingboro
18,24,"Potato, 1 kg",4,Markets,1.74,3.31,6.61,"{'min': '1.74', 'avg': '3.31', 'max': '6.61'}",money,USD,Willingboro
19,25,"White Rice, 1 kg",4,Markets,2.2,3.79,5.38,"{'min': '2.20', 'avg': '3.79', 'max': '5.38'}",money,USD,Willingboro
20,26,"Tomato, 1 kg",4,Markets,3.97,4.41,4.85,"{'min': '3.97', 'avg': '4.41', 'max': '4.85'}",money,USD,Willingboro
21,27,"Water, 1.5 liter Bottle",4,Markets,1.0,1.12,2.0,"{'min': '1.00', 'avg': '1.12', 'max': '2.00'}",money,USD,Willingboro
22,32,Cappuccino,6,Restaurants,2.7,3.0,3.3,"{'min': '2.70', 'avg': '3.00', 'max': '3.30'}",money,USD,Willingboro
23,33,"Coca-Cola, 0.33 liter Bottle",6,Restaurants,1.35,1.5,1.65,"{'min': '1.35', 'avg': '1.50', 'max': '1.65'}",money,USD,Willingboro
24,34,"Domestic Beer, 0.5 liter Draught",6,Restaurants,3.6,4.0,4.4,"{'min': '3.60', 'avg': '4.00', 'max': '4.40'}",money,USD,Willingboro
25,35,"Imported Beer, 0.33 liter Bottle",6,Restaurants,5.0,6.0,7.0,"{'min': '5.00', 'avg': '6.00', 'max': '7.00'}",money,USD,Willingboro
26,36,McMeal at McDonalds or Alternative Combo Meal,6,Restaurants,6.3,7.0,7.7,"{'min': '6.30', 'avg': '7.00', 'max': '7.70'}",money,USD,Willingboro
27,37,"Meal for 2 People, Mid-range Restaurant, Three-course",6,Restaurants,40.5,45.0,49.5,"{'min': '40.50', 'avg': '45.00', 'max': '49.50'}",money,USD,Willingboro
28,38,Meal in Inexpensive Restaurant,6,Restaurants,4.95,13.0,32.0,"{'min': '4.95', 'avg': '13.00', 'max': '32.00'}",money,USD,Willingboro
29,42,"Cinema ticket, 1 Seat",8,Sports And Leisure,10.0,11.5,20.0,"{'min': '10.00', 'avg': '11.50', 'max': '20.00'}",money,USD,Willingboro
30,43,"Fitness Club, Monthly Fee for 1 Adult",8,Sports And Leisure,19.8,22.0,24.2,"{'min': '19.80', 'avg': '22.00', 'max': '24.20'}",money,USD,Willingboro
31,45,"Gasoline, 1 liter",9,Transportation,0.53,0.64,0.75,"{'min': '0.53', 'avg': '0.64', 'max': '0.75'}",money,USD,Willingboro
32,48,"Taxi, price for 1 hour Waiting, Normal Tariff",9,Transportation,25.0,27.5,30.0,"{'min': '25.00', 'avg': '27.50', 'max': '30.00'}",money,USD,Willingboro
33,49,"Taxi, price for 1 km, Normal Tariff",9,Transportation,0.62,0.93,1.86,"{'min': '0.62', 'avg': '0.93', 'max': '1.86'}",money,USD,Willingboro
34,50,"Taxi Start, Normal Tariff",9,Transportation,3.6,4.0,4.4,"{'min': '3.60', 'avg': '4.00', 'max': '4.40'}",money,USD,Willingboro
35,54,"Basic utilities for 85 square meter Apartment including Electricity, Heating or Cooling, Water and Garbage",10,Utilities Per Month,150.0,150.83,152.49,"{'min': '150.00', 'avg': '150.83', 'max': '152.49'}",money,USD,Willingboro
36,55,"Internet, 60 Mbps or More, Unlimited Data, Cable/ADSL",10,Utilities Per Month,45.0,52.5,60.0,"{'min': '45.00', 'avg': '52.50', 'max': '60.00'}",money,USD,Willingboro
37,58,"Water, 0.33 liter Bottle",4,Markets,1.0,1.5,2.0,"{'min': '1.00', 'avg': '1.50', 'max': '2.00'}",money,USD,Willingboro
38,64,"Summer Dress in a Chain Store Like George, H&M, Zara, etc.",3,Clothing And Shoes,19.99,27.49,35.0,"{'min': '19.99', 'avg': '27.49', 'max': '35.00'}",money,USD,Willingboro
39,65,"Mortgage Interest Rate in Percentages for 20 Years Fixed-Rate, Yearly, Fixed-Rate",7,Salaries And Financing,4.05,4.5,4.95,,percent,,Willingboro
40,68,"Imported Beer, 0.33 liter Bottle",4,Markets,1.5,2.5,3.5,"{'min': '1.50', 'avg': '2.50', 'max': '3.50'}",money,USD,Willingboro
41,4,"Private Preschool or Kindergarten, Monthly for 1 Child",2,Childcare,270.0,300.0,330.0,"{'min': '270.00', 'avg': '300.00', 'max': '330.00'}",money,USD,Middletown
42,5,"Pair of Jeans in a Chain Store Like George, H&M, Zara, etc.",3,Clothing And Shoes,22.5,25.0,27.5,"{'min': '22.50', 'avg': '25.00', 'max': '27.50'}",money,USD,Middletown
43,6,Pair of Leather Business Shoes,3,Clothing And Shoes,44.1,49.0,53.9,"{'min': '44.10', 'avg': '49.00', 'max': '53.90'}",money,USD,Middletown
44,7,"Pair of Running Shoes, Mid-Range Price",3,Clothing And Shoes,35.1,39.0,42.9,"{'min': '35.10', 'avg': '39.00', 'max': '42.90'}",money,USD,Middletown
45,9,"Apples, 1 kg",4,Markets,7.94,8.82,9.7,"{'min': '7.94', 'avg': '8.82', 'max': '9.70'}",money,USD,Middletown
46,15,"Eggs, 12 pack",4,Markets,1.8,2.0,2.2,"{'min': '1.80', 'avg': '2.00', 'max': '2.20'}",money,USD,Middletown
47,17,"Lettuce, 1 head",4,Markets,2.7,3.0,3.3,"{'min': '2.70', 'avg': '3.00', 'max': '3.30'}",money,USD,Middletown
48,18,"Loaf of Fresh White Bread, 0.5 kg",4,Markets,2.98,3.31,3.64,"{'min': '2.98', 'avg': '3.31', 'max': '3.64'}",money,USD,Middletown
49,20,"Milk, Regular,1 liter",4,Markets,0.48,0.53,0.58,"{'min': '0.48', 'avg': '0.53', 'max': '0.58'}",money,USD,Middletown
50,21,"Onion, 1 kg",4,Markets,1.98,2.2,2.42,"{'min': '1.98', 'avg': '2.20', 'max': '2.42'}",money,USD,Middletown
51,22,"Oranges, 1 kg",4,Markets,5.95,6.61,7.27,"{'min': '5.95', 'avg': '6.61', 'max': '7.27'}",money,USD,Middletown
52,25,"White Rice, 1 kg",4,Markets,1.98,2.2,2.42,"{'min': '1.98', 'avg': '2.20', 'max': '2.42'}",money,USD,Middletown
53,26,"Tomato, 1 kg",4,Markets,3.97,4.41,4.85,"{'min': '3.97', 'avg': '4.41', 'max': '4.85'}",money,USD,Middletown
54,27,"Water, 1.5 liter Bottle",4,Markets,3.6,4.0,4.4,"{'min': '3.60', 'avg': '4.00', 'max': '4.40'}",money,USD,Middletown
55,28,One bedroom apartment outside of city centre,5,Rent Per Month,886.5,985.0,1083.5,"{'min': '886.50', 'avg': '985.00', 'max': '1083.50'}",money,USD,Middletown
56,29,One bedroom apartment in city centre,5,Rent Per Month,990.0,1100.0,1210.0,"{'min': '990.00', 'avg': '1100.00', 'max': '1210.00'}",money,USD,Middletown
57,30,Three bedroom apartment outside of city centre,5,Rent Per Month,1350.0,1500.0,1650.0,"{'min': '1350.00', 'avg': '1500.00', 'max': '1650.00'}",money,USD,Middletown
58,31,Three bedroom apartment in city centre,5,Rent Per Month,1530.0,1700.0,1870.0,"{'min': '1530.00', 'avg': '1700.00', 'max': '1870.00'}",money,USD,Middletown
59,32,Cappuccino,6,Restaurants,3.15,3.5,3.85,"{'min': '3.15', 'avg': '3.50', 'max': '3.85'}",money,USD,Middletown
60,33,"Coca-Cola, 0.33 liter Bottle",6,Restaurants,1.8,2.0,2.2,"{'min': '1.80', 'avg': '2.00', 'max': '2.20'}",money,USD,Middletown
61,34,"Domestic Beer, 0.5 liter Draught",6,Restaurants,13.95,15.5,17.05,"{'min': '13.95', 'avg': '15.50', 'max': '17.05'}",money,USD,Middletown
62,35,"Imported Beer, 0.33 liter Bottle",6,Restaurants,15.75,17.5,19.25,"{'min': '15.75', 'avg': '17.50', 'max': '19.25'}",money,USD,Middletown
63,36,McMeal at McDonalds or Alternative Combo Meal,6,Restaurants,4.5,5.0,5.5,"{'min': '4.50', 'avg': '5.00', 'max': '5.50'}",money,USD,Middletown
64,37,"Meal for 2 People, Mid-range Restaurant, Three-course",6,Restaurants,36.6,40.67,44.74,"{'min': '36.60', 'avg': '40.67', 'max': '44.74'}",money,USD,Middletown
65,38,Meal in Inexpensive Restaurant,6,Restaurants,14.85,16.5,18.15,"{'min': '14.85', 'avg': '16.50', 'max': '18.15'}",money,USD,Middletown
66,42,"Cinema ticket, 1 Seat",8,Sports And Leisure,7.2,8.0,8.8,"{'min': '7.20', 'avg': '8.00', 'max': '8.80'}",money,USD,Middletown
67,43,"Fitness Club, Monthly Fee for 1 Adult",8,Sports And Leisure,9.0,10.0,11.0,"{'min': '9.00', 'avg': '10.00', 'max': '11.00'}",money,USD,Middletown
68,45,"Gasoline, 1 liter",9,Transportation,0.59,0.66,0.73,"{'min': '0.59', 'avg': '0.66', 'max': '0.73'}",money,USD,Middletown
69,46,"Monthly Pass, Regular Price",9,Transportation,54.0,60.0,66.0,"{'min': '54.00', 'avg': '60.00', 'max': '66.00'}",money,USD,Middletown
70,47,"One-way Ticket, Local Transport",9,Transportation,1.8,2.0,2.2,"{'min': '1.80', 'avg': '2.00', 'max': '2.20'}",money,USD,Middletown
71,52,Volkswagen Golf 1.4 90 KW Trendline (Or Equivalent New Car),9,Transportation,18000.0,20000.0,22000.0,"{'min': '18000.00', 'avg': '20000.00', 'max': '22000.00'}",money,USD,Middletown
72,53,"Prepaid Mobile Tariff Local, price per 1 min, No Discounts or Plans",10,Utilities Per Month,0.18,0.2,0.22,"{'min': '0.18', 'avg': '0.20', 'max': '0.22'}",money,USD,Middletown
73,55,"Internet, 60 Mbps or More, Unlimited Data, Cable/ADSL",10,Utilities Per Month,27.0,30.0,33.0,"{'min': '27.00', 'avg': '30.00', 'max': '33.00'}",money,USD,Middletown
74,58,"Water, 0.33 liter Bottle",4,Markets,1.16,1.29,1.42,"{'min': '1.16', 'avg': '1.29', 'max': '1.42'}",money,USD,Middletown
75,64,"Summer Dress in a Chain Store Like George, H&M, Zara, etc.",3,Clothing And Shoes,16.2,18.0,19.8,"{'min': '16.20', 'avg': '18.00', 'max': '19.80'}",money,USD,Middletown
76,65,"Mortgage Interest Rate in Percentages for 20 Years Fixed-Rate, Yearly, Fixed-Rate",7,Salaries And Financing,2.7,3.0,3.3,,percent,,Middletown
77,1,Price per square meter to Buy Apartment Outside of City Center,1,Buy Apartment,1022.57,1272.72,1883.68,"{'min': '1022.57', 'avg': '1272.72', 'max': '1883.68'}",money,USD,Houston
78,2,Price per square meter to Buy Apartment in City Center,1,Buy Apartment,1937.5,2662.39,4155.22,"{'min': '1937.50', 'avg': '2662.39', 'max': '4155.22'}",money,USD,Houston
79,3,"International Primary School, Yearly for 1 Child",2,Childcare,15000.0,21291.67,27583.34,"{'min': '15000.00', 'avg': '21291.67', 'max': '27583.34'}",money,USD,Houston
80,4,"Private Preschool or Kindergarten, Monthly for 1 Child",2,Childcare,550.0,875.87,1400.0,"{'min': '550.00', 'avg': '875.87', 'max': '1400.00'}",money,USD,Houston
81,5,"Pair of Jeans in a Chain Store Like George, H&M, Zara, etc.",3,Clothing And Shoes,20.0,42.27,64.54,"{'min': '20.00', 'avg': '42.27', 'max': '64.54'}",money,USD,Houston
82,6,Pair of Leather Business Shoes,3,Clothing And Shoes,50.0,97.33,199.0,"{'min': '50.00', 'avg': '97.33', 'max': '199.00'}",money,USD,Houston
83,7,"Pair of Running Shoes, Mid-Range Price",3,Clothing And Shoes,50.0,73.92,100.0,"{'min': '50.00', 'avg': '73.92', 'max': '100.00'}",money,USD,Houston
84,9,"Apples, 1 kg",4,Markets,1.81,4.17,7.72,"{'min': '1.81', 'avg': '4.17', 'max': '7.72'}",money,USD,Houston
85,10,"Banana, 1 kg",4,Markets,0.86,1.28,3.09,"{'min': '0.86', 'avg': '1.28', 'max': '3.09'}",money,USD,Houston
86,11,"Beef Round or Equivalent Back Leg Red Meat, 1 kg ",4,Markets,6.59,11.94,19.82,"{'min': '6.59', 'avg': '11.94', 'max': '19.82'}",money,USD,Houston
87,12,"Bottle of Wine, Mid-Range Price",4,Markets,8.99,12.0,17.49,"{'min': '8.99', 'avg': '12.00', 'max': '17.49'}",money,USD,Houston
88,13,"Chicken Breasts, Boneless and Skinless, 1 kg",4,Markets,4.39,7.91,13.98,"{'min': '4.39', 'avg': '7.91', 'max': '13.98'}",money,USD,Houston
89,14,"Domestic Beer, 0.5 liter Bottle",4,Markets,1.29,2.14,2.99,"{'min': '1.29', 'avg': '2.14', 'max': '2.99'}",money,USD,Houston
90,15,"Eggs, 12 pack",4,Markets,1.0,1.93,3.0,"{'min': '1.00', 'avg': '1.93', 'max': '3.00'}",money,USD,Houston
91,17,"Lettuce, 1 head",4,Markets,0.99,1.44,2.0,"{'min': '0.99', 'avg': '1.44', 'max': '2.00'}",money,USD,Houston
92,18,"Loaf of Fresh White Bread, 0.5 kg",4,Markets,1.1,2.51,4.39,"{'min': '1.10', 'avg': '2.51', 'max': '4.39'}",money,USD,Houston
93,19,"Local Cheese, 1 kg",4,Markets,5.07,9.58,17.86,"{'min': '5.07', 'avg': '9.58', 'max': '17.86'}",money,USD,Houston
94,20,"Milk, Regular,1 liter",4,Markets,0.53,0.78,1.06,"{'min': '0.53', 'avg': '0.78', 'max': '1.06'}",money,USD,Houston
95,21,"Onion, 1 kg",4,Markets,1.1,1.93,2.87,"{'min': '1.10', 'avg': '1.93', 'max': '2.87'}",money,USD,Houston
96,22,"Oranges, 1 kg",4,Markets,1.1,3.5,8.82,"{'min': '1.10', 'avg': '3.50', 'max': '8.82'}",money,USD,Houston
97,23,Pack of Cigarettes,4,Markets,6.0,7.8,9.6,"{'min': '6.00', 'avg': '7.80', 'max': '9.60'}",money,USD,Houston
98,24,"Potato, 1 kg",4,Markets,0.99,2.27,6.61,"{'min': '0.99', 'avg': '2.27', 'max': '6.61'}",money,USD,Houston
99,25,"White Rice, 1 kg",4,Markets,1.41,3.32,6.61,"{'min': '1.41', 'avg': '3.32', 'max': '6.61'}",money,USD,Houston
100,26,"Tomato, 1 kg",4,Markets,1.1,2.85,6.61,"{'min': '1.10', 'avg': '2.85', 'max': '6.61'}",money,USD,Houston
101,27,"Water, 1.5 liter Bottle",4,Markets,0.99,1.52,3.0,"{'min': '0.99', 'avg': '1.52', 'max': '3.00'}",money,USD,Houston
102,28,One bedroom apartment outside of city centre,5,Rent Per Month,822.39,970.07,1200.0,"{'min': '822.39', 'avg': '970.07', 'max': '1200.00'}",money,USD,Houston
103,29,One bedroom apartment in city centre,5,Rent Per Month,1200.0,1399.72,2000.0,"{'min': '1200.00', 'avg': '1399.72', 'max': '2000.00'}",money,USD,Houston
104,30,Three bedroom apartment outside of city centre,5,Rent Per Month,1412.9,1646.15,2500.0,"{'min': '1412.90', 'avg': '1646.15', 'max': '2500.00'}",money,USD,Houston
105,31,Three bedroom apartment in city centre,5,Rent Per Month,2000.0,2433.63,3000.0,"{'min': '2000.00', 'avg': '2433.63', 'max': '3000.00'}",money,USD,Houston
106,32,Cappuccino,6,Restaurants,2.0,4.07,7.0,"{'min': '2.00', 'avg': '4.07', 'max': '7.00'}",money,USD,Houston
107,33,"Coca-Cola, 0.33 liter Bottle",6,Restaurants,1.25,1.7,2.5,"{'min': '1.25', 'avg': '1.70', 'max': '2.50'}",money,USD,Houston
108,34,"Domestic Beer, 0.5 liter Draught",6,Restaurants,3.0,5.38,8.0,"{'min': '3.00', 'avg': '5.38', 'max': '8.00'}",money,USD,Houston
109,35,"Imported Beer, 0.33 liter Bottle",6,Restaurants,5.0,7.0,10.0,"{'min': '5.00', 'avg': '7.00', 'max': '10.00'}",money,USD,Houston
110,36,McMeal at McDonalds or Alternative Combo Meal,6,Restaurants,6.25,8.0,9.75,"{'min': '6.25', 'avg': '8.00', 'max': '9.75'}",money,USD,Houston
111,37,"Meal for 2 People, Mid-range Restaurant, Three-course",6,Restaurants,40.0,50.0,100.0,"{'min': '40.00', 'avg': '50.00', 'max': '100.00'}",money,USD,Houston
112,38,Meal in Inexpensive Restaurant,6,Restaurants,7.5,15.0,30.0,"{'min': '7.50', 'avg': '15.00', 'max': '30.00'}",money,USD,Houston
113,40,"Average Monthly Net Salary, After Tax",7,Salaries And Financing,4011.54,4457.27,4903.0,"{'min': '4011.54', 'avg': '4457.27', 'max': '4903.00'}",money,USD,Houston
114,42,"Cinema ticket, 1 Seat",8,Sports And Leisure,9.0,12.0,15.0,"{'min': '9.00', 'avg': '12.00', 'max': '15.00'}",money,USD,Houston
115,43,"Fitness Club, Monthly Fee for 1 Adult",8,Sports And Leisure,20.0,38.3,63.0,"{'min': '20.00', 'avg': '38.30', 'max': '63.00'}",money,USD,Houston
116,44,"Tennis Court Rent, 1 Hour on Weekend",8,Sports And Leisure,5.0,14.78,24.56,"{'min': '5.00', 'avg': '14.78', 'max': '24.56'}",money,USD,Houston
117,45,"Gasoline, 1 liter",9,Transportation,0.44,0.53,0.66,"{'min': '0.44', 'avg': '0.53', 'max': '0.66'}",money,USD,Houston
118,46,"Monthly Pass, Regular Price",9,Transportation,30.0,40.0,90.0,"{'min': '30.00', 'avg': '40.00', 'max': '90.00'}",money,USD,Houston
119,47,"One-way Ticket, Local Transport",9,Transportation,1.12,1.25,1.38,"{'min': '1.12', 'avg': '1.25', 'max': '1.38'}",money,USD,Houston
120,48,"Taxi, price for 1 hour Waiting, Normal Tariff",9,Transportation,21.6,24.0,26.4,"{'min': '21.60', 'avg': '24.00', 'max': '26.40'}",money,USD,Houston
121,49,"Taxi, price for 1 km, Normal Tariff",9,Transportation,1.4,1.49,3.73,"{'min': '1.40', 'avg': '1.49', 'max': '3.73'}",money,USD,Houston
122,50,"Taxi Start, Normal Tariff",9,Transportation,2.75,3.0,3.25,"{'min': '2.75', 'avg': '3.00', 'max': '3.25'}",money,USD,Houston
123,52,Volkswagen Golf 1.4 90 KW Trendline (Or Equivalent New Car),9,Transportation,21845.0,23195.0,27500.0,"{'min': '21845.00', 'avg': '23195.00', 'max': '27500.00'}",money,USD,Houston
124,53,"Prepaid Mobile Tariff Local, price per 1 min, No Discounts or Plans",10,Utilities Per Month,0.1,0.2,0.3,"{'min': '0.10', 'avg': '0.20', 'max': '0.30'}",money,USD,Houston
125,54,"Basic utilities for 85 square meter Apartment including Electricity, Heating or Cooling, Water and Garbage",10,Utilities Per Month,75.99,158.38,250.0,"{'min': '75.99', 'avg': '158.38', 'max': '250.00'}",money,USD,Houston
126,55,"Internet, 60 Mbps or More, Unlimited Data, Cable/ADSL",10,Utilities Per Month,40.0,62.92,90.0,"{'min': '40.00', 'avg': '62.92', 'max': '90.00'}",money,USD,Houston
127,58,"Water, 0.33 liter Bottle",4,Markets,1.0,1.64,2.5,"{'min': '1.00', 'avg': '1.64', 'max': '2.50'}",money,USD,Houston
128,64,"Summer Dress in a Chain Store Like George, H&M, Zara, etc.",3,Clothing And Shoes,16.0,35.33,60.0,"{'min': '16.00', 'avg': '35.33', 'max': '60.00'}",money,USD,Houston
129,65,"Mortgage Interest Rate in Percentages for 20 Years Fixed-Rate, Yearly, Fixed-Rate",7,Salaries And Financing,3.31,3.68,4.05,,percent,,Houston
130,68,"Imported Beer, 0.33 liter Bottle",4,Markets,1.35,2.52,4.0,"{'min': '1.35', 'avg': '2.52', 'max': '4.00'}",money,USD,Houston
131,1,Price per square meter to Buy Apartment Outside of City Center,1,Buy Apartment,3953.04,5461.13,8611.13,"{'min': '3953.04', 'avg': '5461.13', 'max': '8611.13'}",money,USD,Boston
132,2,Price per square meter to Buy Apartment in City Center,1,Buy Apartment,7534.74,11158.52,15723.67,"{'min': '7534.74', 'avg': '11158.52', 'max': '15723.67'}",money,USD,Boston
133,3,"International Primary School, Yearly for 1 Child",2,Childcare,12000.0,26250.0,48000.0,"{'min': '12000.00', 'avg': '26250.00', 'max': '48000.00'}",money,USD,Boston
134,4,"Private Preschool or Kindergarten, Monthly for 1 Child",2,Childcare,1000.0,1811.38,2622.76,"{'min': '1000.00', 'avg': '1811.38', 'max': '2622.76'}",money,USD,Boston
135,5,"Pair of Jeans in a Chain Store Like George, H&M, Zara, etc.",3,Clothing And Shoes,30.0,47.41,64.82,"{'min': '30.00', 'avg': '47.41', 'max': '64.82'}",money,USD,Boston
136,6,Pair of Leather Business Shoes,3,Clothing And Shoes,60.0,116.36,185.0,"{'min': '60.00', 'avg': '116.36', 'max': '185.00'}",money,USD,Boston
137,7,"Pair of Running Shoes, Mid-Range Price",3,Clothing And Shoes,50.0,80.15,120.0,"{'min': '50.00', 'avg': '80.15', 'max': '120.00'}",money,USD,Boston
138,9,"Apples, 1 kg",4,Markets,1.98,5.44,8.9,"{'min': '1.98', 'avg': '5.44', 'max': '8.90'}",money,USD,Boston
139,10,"Banana, 1 kg",4,Markets,1.04,1.81,4.41,"{'min': '1.04', 'avg': '1.81', 'max': '4.41'}",money,USD,Boston
140,11,"Beef Round or Equivalent Back Leg Red Meat, 1 kg ",4,Markets,8.8,17.05,25.3,"{'min': '8.80', 'avg': '17.05', 'max': '25.30'}",money,USD,Boston
141,12,"Bottle of Wine, Mid-Range Price",4,Markets,10.0,15.0,30.0,"{'min': '10.00', 'avg': '15.00', 'max': '30.00'}",money,USD,Boston
142,13,"Chicken Breasts, Boneless and Skinless, 1 kg",4,Markets,6.59,12.07,17.64,"{'min': '6.59', 'avg': '12.07', 'max': '17.64'}",money,USD,Boston
143,14,"Domestic Beer, 0.5 liter Bottle",4,Markets,1.43,2.62,3.81,"{'min': '1.43', 'avg': '2.62', 'max': '3.81'}",money,USD,Boston
144,15,"Eggs, 12 pack",4,Markets,1.5,2.58,4.0,"{'min': '1.50', 'avg': '2.58', 'max': '4.00'}",money,USD,Boston
145,17,"Lettuce, 1 head",4,Markets,1.0,2.12,4.0,"{'min': '1.00', 'avg': '2.12', 'max': '4.00'}",money,USD,Boston
146,18,"Loaf of Fresh White Bread, 0.5 kg",4,Markets,1.5,3.16,5.51,"{'min': '1.50', 'avg': '3.16', 'max': '5.51'}",money,USD,Boston
147,19,"Local Cheese, 1 kg",4,Markets,8.33,15.42,26.46,"{'min': '8.33', 'avg': '15.42', 'max': '26.46'}",money,USD,Boston
148,20,"Milk, Regular,1 liter",4,Markets,0.63,0.9,1.17,"{'min': '0.63', 'avg': '0.90', 'max': '1.17'}",money,USD,Boston
149,21,"Onion, 1 kg",4,Markets,1.1,4.15,8.82,"{'min': '1.10', 'avg': '4.15', 'max': '8.82'}",money,USD,Boston
150,22,"Oranges, 1 kg",4,Markets,2.2,5.34,13.23,"{'min': '2.20', 'avg': '5.34', 'max': '13.23'}",money,USD,Boston
151,23,Pack of Cigarettes,4,Markets,11.0,12.0,15.0,"{'min': '11.00', 'avg': '12.00', 'max': '15.00'}",money,USD,Boston
152,24,"Potato, 1 kg",4,Markets,0.88,1.32,2.2,"{'min': '0.88', 'avg': '1.32', 'max': '2.20'}",money,USD,Boston
153,25,"White Rice, 1 kg",4,Markets,2.2,5.12,11.02,"{'min': '2.20', 'avg': '5.12', 'max': '11.02'}",money,USD,Boston
154,26,"Tomato, 1 kg",4,Markets,1.65,6.15,11.02,"{'min': '1.65', 'avg': '6.15', 'max': '11.02'}",money,USD,Boston
155,27,"Water, 1.5 liter Bottle",4,Markets,1.5,2.22,4.0,"{'min': '1.50', 'avg': '2.22', 'max': '4.00'}",money,USD,Boston
156,28,One bedroom apartment outside of city centre,5,Rent Per Month,1500.0,1912.55,2325.1,"{'min': '1500.00', 'avg': '1912.55', 'max': '2325.10'}",money,USD,Boston
157,29,One bedroom apartment in city centre,5,Rent Per Month,2300.0,2689.86,3300.0,"{'min': '2300.00', 'avg': '2689.86', 'max': '3300.00'}",money,USD,Boston
158,30,Three bedroom apartment outside of city centre,5,Rent Per Month,2500.0,2923.2,4000.0,"{'min': '2500.00', 'avg': '2923.20', 'max': '4000.00'}",money,USD,Boston
159,31,Three bedroom apartment in city centre,5,Rent Per Month,3500.0,4415.22,8000.0,"{'min': '3500.00', 'avg': '4415.22', 'max': '8000.00'}",money,USD,Boston
160,32,Cappuccino,6,Restaurants,3.0,4.32,5.64,"{'min': '3.00', 'avg': '4.32', 'max': '5.64'}",money,USD,Boston
161,33,"Coca-Cola, 0.33 liter Bottle",6,Restaurants,1.75,2.31,3.0,"{'min': '1.75', 'avg': '2.31', 'max': '3.00'}",money,USD,Boston
162,34,"Domestic Beer, 0.5 liter Draught",6,Restaurants,5.0,7.0,9.0,"{'min': '5.00', 'avg': '7.00', 'max': '9.00'}",money,USD,Boston
163,35,"Imported Beer, 0.33 liter Bottle",6,Restaurants,6.0,8.0,10.0,"{'min': '6.00', 'avg': '8.00', 'max': '10.00'}",money,USD,Boston
164,36,McMeal at McDonalds or Alternative Combo Meal,6,Restaurants,8.0,9.0,10.0,"{'min': '8.00', 'avg': '9.00', 'max': '10.00'}",money,USD,Boston
165,37,"Meal for 2 People, Mid-range Restaurant, Three-course",6,Restaurants,60.0,80.0,130.0,"{'min': '60.00', 'avg': '80.00', 'max': '130.00'}",money,USD,Boston
166,38,Meal in Inexpensive Restaurant,6,Restaurants,15.0,20.0,38.0,"{'min': '15.00', 'avg': '20.00', 'max': '38.00'}",money,USD,Boston
167,40,"Average Monthly Net Salary, After Tax",7,Salaries And Financing,4507.9,5008.78,5509.66,"{'min': '4507.90', 'avg': '5008.78', 'max': '5509.66'}",money,USD,Boston
168,42,"Cinema ticket, 1 Seat",8,Sports And Leisure,12.75,15.0,20.0,"{'min': '12.75', 'avg': '15.00', 'max': '20.00'}",money,USD,Boston
169,43,"Fitness Club, Monthly Fee for 1 Adult",8,Sports And Leisure,20.0,62.53,135.0,"{'min': '20.00', 'avg': '62.53', 'max': '135.00'}",money,USD,Boston
170,44,"Tennis Court Rent, 1 Hour on Weekend",8,Sports And Leisure,10.0,21.43,32.86,"{'min': '10.00', 'avg': '21.43', 'max': '32.86'}",money,USD,Boston
171,45,"Gasoline, 1 liter",9,Transportation,0.53,0.66,0.9,"{'min': '0.53', 'avg': '0.66', 'max': '0.90'}",money,USD,Boston
172,46,"Monthly Pass, Regular Price",9,Transportation,81.0,90.0,99.0,"{'min': '81.00', 'avg': '90.00', 'max': '99.00'}",money,USD,Boston
173,47,"One-way Ticket, Local Transport",9,Transportation,2.4,2.7,3.0,"{'min': '2.40', 'avg': '2.70', 'max': '3.00'}",money,USD,Boston
174,48,"Taxi, price for 1 hour Waiting, Normal Tariff",9,Transportation,25.2,28.0,30.8,"{'min': '25.20', 'avg': '28.00', 'max': '30.80'}",money,USD,Boston
175,49,"Taxi, price for 1 km, Normal Tariff",9,Transportation,1.74,1.86,2.5,"{'min': '1.74', 'avg': '1.86', 'max': '2.50'}",money,USD,Boston
176,50,"Taxi Start, Normal Tariff",9,Transportation,2.6,3.0,5.0,"{'min': '2.60', 'avg': '3.00', 'max': '5.00'}",money,USD,Boston
177,52,Volkswagen Golf 1.4 90 KW Trendline (Or Equivalent New Car),9,Transportation,21845.0,23000.0,28000.0,"{'min': '21845.00', 'avg': '23000.00', 'max': '28000.00'}",money,USD,Boston
178,53,"Prepaid Mobile Tariff Local, price per 1 min, No Discounts or Plans",10,Utilities Per Month,0.05,0.09,0.13,"{'min': '0.05', 'avg': '0.09', 'max': '0.13'}",money,USD,Boston
179,54,"Basic utilities for 85 square meter Apartment including Electricity, Heating or Cooling, Water and Garbage",10,Utilities Per Month,100.0,172.53,300.0,"{'min': '100.00', 'avg': '172.53', 'max': '300.00'}",money,USD,Boston
180,55,"Internet, 60 Mbps or More, Unlimited Data, Cable/ADSL",10,Utilities Per Month,50.0,67.35,120.0,"{'min': '50.00', 'avg': '67.35', 'max': '120.00'}",money,USD,Boston
181,58,"Water, 0.33 liter Bottle",4,Markets,1.25,1.9,3.0,"{'min': '1.25', 'avg': '1.90', 'max': '3.00'}",money,USD,Boston
182,64,"Summer Dress in a Chain Store Like George, H&M, Zara, etc.",3,Clothing And Shoes,24.0,37.76,51.52,"{'min': '24.00', 'avg': '37.76', 'max': '51.52'}",money,USD,Boston
183,65,"Mortgage Interest Rate in Percentages for 20 Years Fixed-Rate, Yearly, Fixed-Rate",7,Salaries And Financing,3.62,4.02,4.42,,percent,,Boston
184,68,"Imported Beer, 0.33 liter Bottle",4,Markets,2.0,3.29,4.58,"{'min': '2.00', 'avg': '3.29', 'max': '4.58'}",money,USD,Boston
185,1,Price per square meter to Buy Apartment Outside of City Center,1,Buy Apartment,3229.17,4048.57,5400.0,"{'min': '3229.17', 'avg': '4048.57', 'max': '5400.00'}",money,USD,San Diego
186,2,Price per square meter to Buy Apartment in City Center,1,Buy Apartment,4843.76,6519.41,16457.15,"{'min': '4843.76', 'avg': '6519.41', 'max': '16457.15'}",money,USD,San Diego
187,3,"International Primary School, Yearly for 1 Child",2,Childcare,12000.0,20653.57,30000.0,"{'min': '12000.00', 'avg': '20653.57', 'max': '30000.00'}",money,USD,San Diego
188,4,"Private Preschool or Kindergarten, Monthly for 1 Child",2,Childcare,600.0,1101.36,1602.72,"{'min': '600.00', 'avg': '1101.36', 'max': '1602.72'}",money,USD,San Diego
189,5,"Pair of Jeans in a Chain Store Like George, H&M, Zara, etc.",3,Clothing And Shoes,35.0,55.61,88.0,"{'min': '35.00', 'avg': '55.61', 'max': '88.00'}",money,USD,San Diego
190,6,Pair of Leather Business Shoes,3,Clothing And Shoes,65.0,107.59,150.18,"{'min': '65.00', 'avg': '107.59', 'max': '150.18'}",money,USD,San Diego
191,7,"Pair of Running Shoes, Mid-Range Price",3,Clothing And Shoes,59.0,80.86,102.72,"{'min': '59.00', 'avg': '80.86', 'max': '102.72'}",money,USD,San Diego
192,9,"Apples, 1 kg",4,Markets,1.96,4.2,8.8,"{'min': '1.96', 'avg': '4.20', 'max': '8.80'}",money,USD,San Diego
193,10,"Banana, 1 kg",4,Markets,1.08,2.29,6.57,"{'min': '1.08', 'avg': '2.29', 'max': '6.57'}",money,USD,San Diego
194,11,"Beef Round or Equivalent Back Leg Red Meat, 1 kg ",4,Markets,8.8,14.02,22.05,"{'min': '8.80', 'avg': '14.02', 'max': '22.05'}",money,USD,San Diego
195,12,"Bottle of Wine, Mid-Range Price",4,Markets,7.0,13.0,20.0,"{'min': '7.00', 'avg': '13.00', 'max': '20.00'}",money,USD,San Diego
196,13,"Chicken Breasts, Boneless and Skinless, 1 kg",4,Markets,4.37,12.0,19.82,"{'min': '4.37', 'avg': '12.00', 'max': '19.82'}",money,USD,San Diego
197,14,"Domestic Beer, 0.5 liter Bottle",4,Markets,1.43,3.0,4.57,"{'min': '1.43', 'avg': '3.00', 'max': '4.57'}",money,USD,San Diego
198,15,"Eggs, 12 pack",4,Markets,1.69,3.29,4.89,"{'min': '1.69', 'avg': '3.29', 'max': '4.89'}",money,USD,San Diego
199,17,"Lettuce, 1 head",4,Markets,0.99,1.73,2.49,"{'min': '0.99', 'avg': '1.73', 'max': '2.49'}",money,USD,San Diego
200,18,"Loaf of Fresh White Bread, 0.5 kg",4,Markets,2.15,3.69,5.51,"{'min': '2.15', 'avg': '3.69', 'max': '5.51'}",money,USD,San Diego
201,19,"Local Cheese, 1 kg",4,Markets,7.05,11.94,17.64,"{'min': '7.05', 'avg': '11.94', 'max': '17.64'}",money,USD,San Diego
202,20,"Milk, Regular,1 liter",4,Markets,0.77,0.97,1.32,"{'min': '0.77', 'avg': '0.97', 'max': '1.32'}",money,USD,San Diego
203,21,"Onion, 1 kg",4,Markets,1.74,2.62,5.84,"{'min': '1.74', 'avg': '2.62', 'max': '5.84'}",money,USD,San Diego
204,22,"Oranges, 1 kg",4,Markets,1.76,3.82,8.82,"{'min': '1.76', 'avg': '3.82', 'max': '8.82'}",money,USD,San Diego
205,23,Pack of Cigarettes,4,Markets,8.0,10.0,15.0,"{'min': '8.00', 'avg': '10.00', 'max': '15.00'}",money,USD,San Diego
206,24,"Potato, 1 kg",4,Markets,0.88,2.95,5.02,"{'min': '0.88', 'avg': '2.95', 'max': '5.02'}",money,USD,San Diego
207,25,"White Rice, 1 kg",4,Markets,2.2,4.67,7.14,"{'min': '2.20', 'avg': '4.67', 'max': '7.14'}",money,USD,San Diego
208,26,"Tomato, 1 kg",4,Markets,1.98,4.63,7.28,"{'min': '1.98', 'avg': '4.63', 'max': '7.28'}",money,USD,San Diego
209,27,"Water, 1.5 liter Bottle",4,Markets,1.0,1.99,3.19,"{'min': '1.00', 'avg': '1.99', 'max': '3.19'}",money,USD,San Diego
210,28,One bedroom apartment outside of city centre,5,Rent Per Month,1450.0,1729.94,2009.88,"{'min': '1450.00', 'avg': '1729.94', 'max': '2009.88'}",money,USD,San Diego
211,29,One bedroom apartment in city centre,5,Rent Per Month,1600.0,2160.07,3000.0,"{'min': '1600.00', 'avg': '2160.07', 'max': '3000.00'}",money,USD,San Diego
212,30,Three bedroom apartment outside of city centre,5,Rent Per Month,2500.0,2894.6,3500.0,"{'min': '2500.00', 'avg': '2894.60', 'max': '3500.00'}",money,USD,San Diego
213,31,Three bedroom apartment in city centre,5,Rent Per Month,2800.0,3659.93,4519.86,"{'min': '2800.00', 'avg': '3659.93', 'max': '4519.86'}",money,USD,San Diego
214,32,Cappuccino,6,Restaurants,3.0,4.28,5.56,"{'min': '3.00', 'avg': '4.28', 'max': '5.56'}",money,USD,San Diego
215,33,"Coca-Cola, 0.33 liter Bottle",6,Restaurants,1.0,1.95,3.0,"{'min': '1.00', 'avg': '1.95', 'max': '3.00'}",money,USD,San Diego
216,34,"Domestic Beer, 0.5 liter Draught",6,Restaurants,5.0,6.0,8.0,"{'min': '5.00', 'avg': '6.00', 'max': '8.00'}",money,USD,San Diego
217,35,"Imported Beer, 0.33 liter Bottle",6,Restaurants,6.0,8.0,10.0,"{'min': '6.00', 'avg': '8.00', 'max': '10.00'}",money,USD,San Diego
218,36,McMeal at McDonalds or Alternative Combo Meal,6,Restaurants,8.0,8.75,10.0,"{'min': '8.00', 'avg': '8.75', 'max': '10.00'}",money,USD,San Diego
219,37,"Meal for 2 People, Mid-range Restaurant, Three-course",6,Restaurants,50.0,75.0,100.0,"{'min': '50.00', 'avg': '75.00', 'max': '100.00'}",money,USD,San Diego
220,38,Meal in Inexpensive Restaurant,6,Restaurants,12.0,15.0,20.0,"{'min': '12.00', 'avg': '15.00', 'max': '20.00'}",money,USD,San Diego
221,40,"Average Monthly Net Salary, After Tax",7,Salaries And Financing,4540.62,5045.13,5549.64,"{'min': '4540.62', 'avg': '5045.13', 'max': '5549.64'}",money,USD,San Diego
222,42,"Cinema ticket, 1 Seat",8,Sports And Leisure,12.0,14.25,20.0,"{'min': '12.00', 'avg': '14.25', 'max': '20.00'}",money,USD,San Diego
223,43,"Fitness Club, Monthly Fee for 1 Adult",8,Sports And Leisure,20.0,39.93,66.67,"{'min': '20.00', 'avg': '39.93', 'max': '66.67'}",money,USD,San Diego
224,44,"Tennis Court Rent, 1 Hour on Weekend",8,Sports And Leisure,12.0,17.96,23.92,"{'min': '12.00', 'avg': '17.96', 'max': '23.92'}",money,USD,San Diego
225,45,"Gasoline, 1 liter",9,Transportation,0.76,0.92,1.08,"{'min': '0.76', 'avg': '0.92', 'max': '1.08'}",money,USD,San Diego
226,46,"Monthly Pass, Regular Price",9,Transportation,70.0,72.0,90.0,"{'min': '70.00', 'avg': '72.00', 'max': '90.00'}",money,USD,San Diego
227,47,"One-way Ticket, Local Transport",9,Transportation,2.25,2.5,2.75,"{'min': '2.25', 'avg': '2.50', 'max': '2.75'}",money,USD,San Diego
228,48,"Taxi, price for 1 hour Waiting, Normal Tariff",9,Transportation,24.0,25.0,28.0,"{'min': '24.00', 'avg': '25.00', 'max': '28.00'}",money,USD,San Diego
229,49,"Taxi, price for 1 km, Normal Tariff",9,Transportation,1.8,1.86,2.49,"{'min': '1.80', 'avg': '1.86', 'max': '2.49'}",money,USD,San Diego
230,50,"Taxi Start, Normal Tariff",9,Transportation,2.7,2.8,4.0,"{'min': '2.70', 'avg': '2.80', 'max': '4.00'}",money,USD,San Diego
231,52,Volkswagen Golf 1.4 90 KW Trendline (Or Equivalent New Car),9,Transportation,22740.0,24000.0,25260.0,"{'min': '22740.00', 'avg': '24000.00', 'max': '25260.00'}",money,USD,San Diego
232,53,"Prepaid Mobile Tariff Local, price per 1 min, No Discounts or Plans",10,Utilities Per Month,0.1,0.23,0.36,"{'min': '0.10', 'avg': '0.23', 'max': '0.36'}",money,USD,San Diego
233,54,"Basic utilities for 85 square meter Apartment including Electricity, Heating or Cooling, Water and Garbage",10,Utilities Per Month,89.0,132.22,250.0,"{'min': '89.00', 'avg': '132.22', 'max': '250.00'}",money,USD,San Diego
234,55,"Internet, 60 Mbps or More, Unlimited Data, Cable/ADSL",10,Utilities Per Month,50.0,63.76,83.0,"{'min': '50.00', 'avg': '63.76', 'max': '83.00'}",money,USD,San Diego
235,58,"Water, 0.33 liter Bottle",4,Markets,1.0,1.66,3.0,"{'min': '1.00', 'avg': '1.66', 'max': '3.00'}",money,USD,San Diego
236,64,"Summer Dress in a Chain Store Like George, H&M, Zara, etc.",3,Clothing And Shoes,23.0,45.34,67.68,"{'min': '23.00', 'avg': '45.34', 'max': '67.68'}",money,USD,San Diego
237,65,"Mortgage Interest Rate in Percentages for 20 Years Fixed-Rate, Yearly, Fixed-Rate",7,Salaries And Financing,3.64,4.04,4.44,,percent,,San Diego
238,68,"Imported Beer, 0.33 liter Bottle",4,Markets,1.5,2.2,3.5,"{'min': '1.50', 'avg': '2.20', 'max': '3.50'}",money,USD,San Diego
239,4,"Private Preschool or Kindergarten, Monthly for 1 Child",2,Childcare,750.0,1025.0,1300.0,"{'min': '750.00', 'avg': '1025.00', 'max': '1300.00'}",money,USD,Ravenswood
240,5,"Pair of Jeans in a Chain Store Like George, H&M, Zara, etc.",3,Clothing And Shoes,40.0,49.83,60.0,"{'min': '40.00', 'avg': '49.83', 'max': '60.00'}",money,USD,Ravenswood
241,6,Pair of Leather Business Shoes,3,Clothing And Shoes,60.0,102.0,160.0,"{'min': '60.00', 'avg': '102.00', 'max': '160.00'}",money,USD,Ravenswood
242,7,"Pair of Running Shoes, Mid-Range Price",3,Clothing And Shoes,65.0,83.57,102.14,"{'min': '65.00', 'avg': '83.57', 'max': '102.14'}",money,USD,Ravenswood
243,9,"Apples, 1 kg",4,Markets,2.18,4.4,8.82,"{'min': '2.18', 'avg': '4.40', 'max': '8.82'}",money,USD,Ravenswood
244,10,"Banana, 1 kg",4,Markets,0.86,1.08,1.3,"{'min': '0.86', 'avg': '1.08', 'max': '1.30'}",money,USD,Ravenswood
245,11,"Beef Round or Equivalent Back Leg Red Meat, 1 kg ",4,Markets,6.61,8.66,11.02,"{'min': '6.61', 'avg': '8.66', 'max': '11.02'}",money,USD,Ravenswood
246,12,"Bottle of Wine, Mid-Range Price",4,Markets,6.0,10.0,14.0,"{'min': '6.00', 'avg': '10.00', 'max': '14.00'}",money,USD,Ravenswood
247,13,"Chicken Breasts, Boneless and Skinless, 1 kg",4,Markets,3.51,6.46,11.02,"{'min': '3.51', 'avg': '6.46', 'max': '11.02'}",money,USD,Ravenswood
248,14,"Domestic Beer, 0.5 liter Bottle",4,Markets,2.0,2.62,3.24,"{'min': '2.00', 'avg': '2.62', 'max': '3.24'}",money,USD,Ravenswood
249,15,"Eggs, 12 pack",4,Markets,1.0,1.4,1.8,"{'min': '1.00', 'avg': '1.40', 'max': '1.80'}",money,USD,Ravenswood
250,17,"Lettuce, 1 head",4,Markets,1.0,1.39,1.78,"{'min': '1.00', 'avg': '1.39', 'max': '1.78'}",money,USD,Ravenswood
251,18,"Loaf of Fresh White Bread, 0.5 kg",4,Markets,1.09,2.06,4.4,"{'min': '1.09', 'avg': '2.06', 'max': '4.40'}",money,USD,Ravenswood
252,19,"Local Cheese, 1 kg",4,Markets,6.61,12.83,19.05,"{'min': '6.61', 'avg': '12.83', 'max': '19.05'}",money,USD,Ravenswood
253,20,"Milk, Regular,1 liter",4,Markets,0.53,0.56,0.62,"{'min': '0.53', 'avg': '0.56', 'max': '0.62'}",money,USD,Ravenswood
254,21,"Onion, 1 kg",4,Markets,2.2,3.85,5.5,"{'min': '2.20', 'avg': '3.85', 'max': '5.50'}",money,USD,Ravenswood
255,22,"Oranges, 1 kg",4,Markets,2.76,3.49,4.41,"{'min': '2.76', 'avg': '3.49', 'max': '4.41'}",money,USD,Ravenswood
256,23,Pack of Cigarettes,4,Markets,6.0,6.5,7.0,"{'min': '6.00', 'avg': '6.50', 'max': '7.00'}",money,USD,Ravenswood
257,24,"Potato, 1 kg",4,Markets,1.21,1.69,2.2,"{'min': '1.21', 'avg': '1.69', 'max': '2.20'}",money,USD,Ravenswood
258,25,"White Rice, 1 kg",4,Markets,3.31,3.78,4.41,"{'min': '3.31', 'avg': '3.78', 'max': '4.41'}",money,USD,Ravenswood
259,26,"Tomato, 1 kg",4,Markets,2.2,3.07,3.94,"{'min': '2.20', 'avg': '3.07', 'max': '3.94'}",money,USD,Ravenswood
260,27,"Water, 1.5 liter Bottle",4,Markets,1.69,1.9,2.11,"{'min': '1.69', 'avg': '1.90', 'max': '2.11'}",money,USD,Ravenswood
261,32,Cappuccino,6,Restaurants,3.0,4.67,6.34,"{'min': '3.00', 'avg': '4.67', 'max': '6.34'}",money,USD,Ravenswood
262,33,"Coca-Cola, 0.33 liter Bottle",6,Restaurants,1.15,1.78,2.69,"{'min': '1.15', 'avg': '1.78', 'max': '2.69'}",money,USD,Ravenswood
263,34,"Domestic Beer, 0.5 liter Draught",6,Restaurants,3.0,3.75,4.5,"{'min': '3.00', 'avg': '3.75', 'max': '4.50'}",money,USD,Ravenswood
264,35,"Imported Beer, 0.33 liter Bottle",6,Restaurants,3.0,5.0,7.0,"{'min': '3.00', 'avg': '5.00', 'max': '7.00'}",money,USD,Ravenswood
265,36,McMeal at McDonalds or Alternative Combo Meal,6,Restaurants,6.0,7.0,8.96,"{'min': '6.00', 'avg': '7.00', 'max': '8.96'}",money,USD,Ravenswood
266,37,"Meal for 2 People, Mid-range Restaurant, Three-course",6,Restaurants,30.0,47.5,65.0,"{'min': '30.00', 'avg': '47.50', 'max': '65.00'}",money,USD,Ravenswood
267,38,Meal in Inexpensive Restaurant,6,Restaurants,12.0,16.5,24.0,"{'min': '12.00', 'avg': '16.50', 'max': '24.00'}",money,USD,Ravenswood
268,42,"Cinema ticket, 1 Seat",8,Sports And Leisure,10.0,11.0,12.0,"{'min': '10.00', 'avg': '11.00', 'max': '12.00'}",money,USD,Ravenswood
269,45,"Gasoline, 1 liter",9,Transportation,0.47,0.61,0.75,"{'min': '0.47', 'avg': '0.61', 'max': '0.75'}",money,USD,Ravenswood
270,48,"Taxi, price for 1 hour Waiting, Normal Tariff",9,Transportation,20.0,32.5,45.0,"{'min': '20.00', 'avg': '32.50', 'max': '45.00'}",money,USD,Ravenswood
271,49,"Taxi, price for 1 km, Normal Tariff",9,Transportation,1.4,1.55,1.71,"{'min': '1.40', 'avg': '1.55', 'max': '1.71'}",money,USD,Ravenswood
272,50,"Taxi Start, Normal Tariff",9,Transportation,2.25,2.5,2.75,"{'min': '2.25', 'avg': '2.50', 'max': '2.75'}",money,USD,Ravenswood
273,52,Volkswagen Golf 1.4 90 KW Trendline (Or Equivalent New Car),9,Transportation,21180.0,25590.0,30000.0,"{'min': '21180.00', 'avg': '25590.00', 'max': '30000.00'}",money,USD,Ravenswood
274,54,"Basic utilities for 85 square meter Apartment including Electricity, Heating or Cooling, Water and Garbage",10,Utilities Per Month,100.0,128.75,250.0,"{'min': '100.00', 'avg': '128.75', 'max': '250.00'}",money,USD,Ravenswood
275,55,"Internet, 60 Mbps or More, Unlimited Data, Cable/ADSL",10,Utilities Per Month,50.0,65.14,80.28,"{'min': '50.00', 'avg': '65.14', 'max': '80.28'}",money,USD,Ravenswood
276,58,"Water, 0.33 liter Bottle",4,Markets,1.0,1.07,1.2,"{'min': '1.00', 'avg': '1.07', 'max': '1.20'}",money,USD,Ravenswood
277,64,"Summer Dress in a Chain Store Like George, H&M, Zara, etc.",3,Clothing And Shoes,20.0,33.8,50.0,"{'min': '20.00', 'avg': '33.80', 'max': '50.00'}",money,USD,Ravenswood
278,65,"Mortgage Interest Rate in Percentages for 20 Years Fixed-Rate, Yearly, Fixed-Rate",7,Salaries And Financing,3.78,4.2,4.62,,percent,,Ravenswood
279,68,"Imported Beer, 0.33 liter Bottle",4,Markets,2.75,3.25,4.0,"{'min': '2.75', 'avg': '3.25', 'max': '4.00'}",money,USD,Ravenswood
280,4,"Private Preschool or Kindergarten, Monthly for 1 Child",2,Childcare,1080.0,1200.0,1320.0,"{'min': '1080.00', 'avg': '1200.00', 'max': '1320.00'}",money,USD,Seaside Heights
281,5,"Pair of Jeans in a Chain Store Like George, H&M, Zara, etc.",3,Clothing And Shoes,15.0,25.0,35.0,"{'min': '15.00', 'avg': '25.00', 'max': '35.00'}",money,USD,Seaside Heights
282,6,Pair of Leather Business Shoes,3,Clothing And Shoes,35.0,55.0,75.0,"{'min': '35.00', 'avg': '55.00', 'max': '75.00'}",money,USD,Seaside Heights
283,7,"Pair of Running Shoes, Mid-Range Price",3,Clothing And Shoes,45.0,60.0,75.0,"{'min': '45.00', 'avg': '60.00', 'max': '75.00'}",money,USD,Seaside Heights
284,9,"Apples, 1 kg",4,Markets,2.2,3.67,5.14,"{'min': '2.20', 'avg': '3.67', 'max': '5.14'}",money,USD,Seaside Heights
285,10,"Banana, 1 kg",4,Markets,1.08,2.18,3.28,"{'min': '1.08', 'avg': '2.18', 'max': '3.28'}",money,USD,Seaside Heights
286,11,"Beef Round or Equivalent Back Leg Red Meat, 1 kg ",4,Markets,5.49,12.11,18.73,"{'min': '5.49', 'avg': '12.11', 'max': '18.73'}",money,USD,Seaside Heights
287,12,"Bottle of Wine, Mid-Range Price",4,Markets,9.0,15.0,21.0,"{'min': '9.00', 'avg': '15.00', 'max': '21.00'}",money,USD,Seaside Heights
288,13,"Chicken Breasts, Boneless and Skinless, 1 kg",4,Markets,8.8,10.27,11.74,"{'min': '8.80', 'avg': '10.27', 'max': '11.74'}",money,USD,Seaside Heights
289,15,"Eggs, 12 pack",4,Markets,2.0,2.75,3.5,"{'min': '2.00', 'avg': '2.75', 'max': '3.50'}",money,USD,Seaside Heights
290,17,"Lettuce, 1 head",4,Markets,1.0,1.99,3.49,"{'min': '1.00', 'avg': '1.99', 'max': '3.49'}",money,USD,Seaside Heights
291,18,"Loaf of Fresh White Bread, 0.5 kg",4,Markets,2.74,3.48,4.4,"{'min': '2.74', 'avg': '3.48', 'max': '4.40'}",money,USD,Seaside Heights
292,19,"Local Cheese, 1 kg",4,Markets,11.91,13.23,14.55,"{'min': '11.91', 'avg': '13.23', 'max': '14.55'}",money,USD,Seaside Heights
293,20,"Milk, Regular,1 liter",4,Markets,0.92,1.17,1.53,"{'min': '0.92', 'avg': '1.17', 'max': '1.53'}",money,USD,Seaside Heights
294,21,"Onion, 1 kg",4,Markets,1.68,3.04,4.41,"{'min': '1.68', 'avg': '3.04', 'max': '4.41'}",money,USD,Seaside Heights
295,22,"Oranges, 1 kg",4,Markets,3.31,4.56,5.95,"{'min': '3.31', 'avg': '4.56', 'max': '5.95'}",money,USD,Seaside Heights
296,23,Pack of Cigarettes,4,Markets,7.5,7.75,8.0,"{'min': '7.50', 'avg': '7.75', 'max': '8.00'}",money,USD,Seaside Heights
297,24,"Potato, 1 kg",4,Markets,3.97,4.41,4.85,"{'min': '3.97', 'avg': '4.41', 'max': '4.85'}",money,USD,Seaside Heights
298,25,"White Rice, 1 kg",4,Markets,3.51,3.96,4.41,"{'min': '3.51', 'avg': '3.96', 'max': '4.41'}",money,USD,Seaside Heights
299,26,"Tomato, 1 kg",4,Markets,4.39,5.5,6.61,"{'min': '4.39', 'avg': '5.50', 'max': '6.61'}",money,USD,Seaside Heights
300,27,"Water, 1.5 liter Bottle",4,Markets,1.8,2.0,2.2,"{'min': '1.80', 'avg': '2.00', 'max': '2.20'}",money,USD,Seaside Heights
301,32,Cappuccino,6,Restaurants,3.5,4.25,5.0,"{'min': '3.50', 'avg': '4.25', 'max': '5.00'}",money,USD,Seaside Heights
302,33,"Coca-Cola, 0.33 liter Bottle",6,Restaurants,1.2,1.45,1.7,"{'min': '1.20', 'avg': '1.45', 'max': '1.70'}",money,USD,Seaside Heights
303,34,"Domestic Beer, 0.5 liter Draught",6,Restaurants,4.5,5.0,6.0,"{'min': '4.50', 'avg': '5.00', 'max': '6.00'}",money,USD,Seaside Heights
304,35,"Imported Beer, 0.33 liter Bottle",6,Restaurants,5.5,7.0,8.5,"{'min': '5.50', 'avg': '7.00', 'max': '8.50'}",money,USD,Seaside Heights
305,36,McMeal at McDonalds or Alternative Combo Meal,6,Restaurants,7.0,8.0,9.0,"{'min': '7.00', 'avg': '8.00', 'max': '9.00'}",money,USD,Seaside Heights
306,37,"Meal for 2 People, Mid-range Restaurant, Three-course",6,Restaurants,53.0,74.0,95.0,"{'min': '53.00', 'avg': '74.00', 'max': '95.00'}",money,USD,Seaside Heights
307,38,Meal in Inexpensive Restaurant,6,Restaurants,10.0,15.2,28.0,"{'min': '10.00', 'avg': '15.20', 'max': '28.00'}",money,USD,Seaside Heights
308,42,"Cinema ticket, 1 Seat",8,Sports And Leisure,9.0,10.0,18.0,"{'min': '9.00', 'avg': '10.00', 'max': '18.00'}",money,USD,Seaside Heights
309,45,"Gasoline, 1 liter",9,Transportation,0.64,0.7,0.79,"{'min': '0.64', 'avg': '0.70', 'max': '0.79'}",money,USD,Seaside Heights
310,49,"Taxi, price for 1 km, Normal Tariff",9,Transportation,2.24,2.49,2.74,"{'min': '2.24', 'avg': '2.49', 'max': '2.74'}",money,USD,Seaside Heights
311,50,"Taxi Start, Normal Tariff",9,Transportation,1.92,2.13,2.34,"{'min': '1.92', 'avg': '2.13', 'max': '2.34'}",money,USD,Seaside Heights
312,54,"Basic utilities for 85 square meter Apartment including Electricity, Heating or Cooling, Water and Garbage",10,Utilities Per Month,180.0,293.33,406.66,"{'min': '180.00', 'avg': '293.33', 'max': '406.66'}",money,USD,Seaside Heights
313,55,"Internet, 60 Mbps or More, Unlimited Data, Cable/ADSL",10,Utilities Per Month,50.0,109.67,200.0,"{'min': '50.00', 'avg': '109.67', 'max': '200.00'}",money,USD,Seaside Heights
314,58,"Water, 0.33 liter Bottle",4,Markets,0.99,1.12,1.25,"{'min': '0.99', 'avg': '1.12', 'max': '1.25'}",money,USD,Seaside Heights
315,64,"Summer Dress in a Chain Store Like George, H&M, Zara, etc.",3,Clothing And Shoes,18.0,21.0,25.0,"{'min': '18.00', 'avg': '21.00', 'max': '25.00'}",money,USD,Seaside Heights
316,65,"Mortgage Interest Rate in Percentages for 20 Years Fixed-Rate, Yearly, Fixed-Rate",7,Salaries And Financing,3.91,4.34,4.77,,percent,,Seaside Heights
317,68,"Imported Beer, 0.33 liter Bottle",4,Markets,4.5,5.0,5.5,"{'min': '4.50', 'avg': '5.00', 'max': '5.50'}",money,USD,Seaside Heights
318,4,"Private Preschool or Kindergarten, Monthly for 1 Child",2,Childcare,370.0,485.0,600.0,"{'min': '370.00', 'avg': '485.00', 'max': '600.00'}",money,USD,Isla Vista
319,5,"Pair of Jeans in a Chain Store Like George, H&M, Zara, etc.",3,Clothing And Shoes,35.0,46.23,57.46,"{'min': '35.00', 'avg': '46.23', 'max': '57.46'}",money,USD,Isla Vista
320,6,Pair of Leather Business Shoes,3,Clothing And Shoes,60.0,100.0,140.0,"{'min': '60.00', 'avg': '100.00', 'max': '140.00'}",money,USD,Isla Vista
321,7,"Pair of Running Shoes, Mid-Range Price",3,Clothing And Shoes,50.0,83.75,117.5,"{'min': '50.00', 'avg': '83.75', 'max': '117.50'}",money,USD,Isla Vista
322,9,"Apples, 1 kg",4,Markets,2.98,3.31,3.64,"{'min': '2.98', 'avg': '3.31', 'max': '3.64'}",money,USD,Isla Vista
323,11,"Beef Round or Equivalent Back Leg Red Meat, 1 kg ",4,Markets,23.81,26.46,29.11,"{'min': '23.81', 'avg': '26.46', 'max': '29.11'}",money,USD,Isla Vista
324,12,"Bottle of Wine, Mid-Range Price",4,Markets,11.0,13.0,15.0,"{'min': '11.00', 'avg': '13.00', 'max': '15.00'}",money,USD,Isla Vista
325,13,"Chicken Breasts, Boneless and Skinless, 1 kg",4,Markets,4.41,12.13,19.85,"{'min': '4.41', 'avg': '12.13', 'max': '19.85'}",money,USD,Isla Vista
326,14,"Domestic Beer, 0.5 liter Bottle",4,Markets,3.86,4.29,4.72,"{'min': '3.86', 'avg': '4.29', 'max': '4.72'}",money,USD,Isla Vista
327,15,"Eggs, 12 pack",4,Markets,0.99,2.5,4.01,"{'min': '0.99', 'avg': '2.50', 'max': '4.01'}",money,USD,Isla Vista
328,17,"Lettuce, 1 head",4,Markets,2.7,3.0,3.3,"{'min': '2.70', 'avg': '3.00', 'max': '3.30'}",money,USD,Isla Vista
329,18,"Loaf of Fresh White Bread, 0.5 kg",4,Markets,1.42,2.36,3.31,"{'min': '1.42', 'avg': '2.36', 'max': '3.31'}",money,USD,Isla Vista
330,19,"Local Cheese, 1 kg",4,Markets,15.88,17.64,19.4,"{'min': '15.88', 'avg': '17.64', 'max': '19.40'}",money,USD,Isla Vista
331,20,"Milk, Regular,1 liter",4,Markets,0.87,1.04,1.32,"{'min': '0.87', 'avg': '1.04', 'max': '1.32'}",money,USD,Isla Vista
332,21,"Onion, 1 kg",4,Markets,1.19,1.32,1.45,"{'min': '1.19', 'avg': '1.32', 'max': '1.45'}",money,USD,Isla Vista
333,22,"Oranges, 1 kg",4,Markets,3.97,4.41,4.85,"{'min': '3.97', 'avg': '4.41', 'max': '4.85'}",money,USD,Isla Vista
334,23,Pack of Cigarettes,4,Markets,9.0,10.0,11.0,"{'min': '9.00', 'avg': '10.00', 'max': '11.00'}",money,USD,Isla Vista
335,24,"Potato, 1 kg",4,Markets,2.2,4.4,6.6,"{'min': '2.20', 'avg': '4.40', 'max': '6.60'}",money,USD,Isla Vista
336,25,"White Rice, 1 kg",4,Markets,4.96,5.51,6.06,"{'min': '4.96', 'avg': '5.51', 'max': '6.06'}",money,USD,Isla Vista
337,26,"Tomato, 1 kg",4,Markets,1.98,2.2,2.42,"{'min': '1.98', 'avg': '2.20', 'max': '2.42'}",money,USD,Isla Vista
338,27,"Water, 1.5 liter Bottle",4,Markets,1.5,1.7,1.9,"{'min': '1.50', 'avg': '1.70', 'max': '1.90'}",money,USD,Isla Vista
339,32,Cappuccino,6,Restaurants,3.0,4.17,5.34,"{'min': '3.00', 'avg': '4.17', 'max': '5.34'}",money,USD,Isla Vista
340,33,"Coca-Cola, 0.33 liter Bottle",6,Restaurants,1.5,1.83,2.16,"{'min': '1.50', 'avg': '1.83', 'max': '2.16'}",money,USD,Isla Vista
341,34,"Domestic Beer, 0.5 liter Draught",6,Restaurants,2.5,3.0,3.5,"{'min': '2.50', 'avg': '3.00', 'max': '3.50'}",money,USD,Isla Vista
342,35,"Imported Beer, 0.33 liter Bottle",6,Restaurants,4.5,5.0,5.5,"{'min': '4.50', 'avg': '5.00', 'max': '5.50'}",money,USD,Isla Vista
343,36,McMeal at McDonalds or Alternative Combo Meal,6,Restaurants,5.5,7.0,8.5,"{'min': '5.50', 'avg': '7.00', 'max': '8.50'}",money,USD,Isla Vista
344,37,"Meal for 2 People, Mid-range Restaurant, Three-course",6,Restaurants,46.5,48.0,80.0,"{'min': '46.50', 'avg': '48.00', 'max': '80.00'}",money,USD,Isla Vista
345,38,Meal in Inexpensive Restaurant,6,Restaurants,7.5,15.0,25.0,"{'min': '7.50', 'avg': '15.00', 'max': '25.00'}",money,USD,Isla Vista
346,42,"Cinema ticket, 1 Seat",8,Sports And Leisure,8.5,12.0,15.5,"{'min': '8.50', 'avg': '12.00', 'max': '15.50'}",money,USD,Isla Vista
347,45,"Gasoline, 1 liter",9,Transportation,0.48,0.62,0.76,"{'min': '0.48', 'avg': '0.62', 'max': '0.76'}",money,USD,Isla Vista
348,49,"Taxi, price for 1 km, Normal Tariff",9,Transportation,1.12,1.24,1.36,"{'min': '1.12', 'avg': '1.24', 'max': '1.36'}",money,USD,Isla Vista
349,50,"Taxi Start, Normal Tariff",9,Transportation,4.5,5.0,5.5,"{'min': '4.50', 'avg': '5.00', 'max': '5.50'}",money,USD,Isla Vista
350,52,Volkswagen Golf 1.4 90 KW Trendline (Or Equivalent New Car),9,Transportation,20700.0,23000.0,25300.0,"{'min': '20700.00', 'avg': '23000.00', 'max': '25300.00'}",money,USD,Isla Vista
351,54,"Basic utilities for 85 square meter Apartment including Electricity, Heating or Cooling, Water and Garbage",10,Utilities Per Month,75.0,224.33,500.0,"{'min': '75.00', 'avg': '224.33', 'max': '500.00'}",money,USD,Isla Vista
352,55,"Internet, 60 Mbps or More, Unlimited Data, Cable/ADSL",10,Utilities Per Month,45.0,66.16,87.32,"{'min': '45.00', 'avg': '66.16', 'max': '87.32'}",money,USD,Isla Vista
353,58,"Water, 0.33 liter Bottle",4,Markets,1.0,1.33,2.0,"{'min': '1.00', 'avg': '1.33', 'max': '2.00'}",money,USD,Isla Vista
354,64,"Summer Dress in a Chain Store Like George, H&M, Zara, etc.",3,Clothing And Shoes,25.0,32.5,40.0,"{'min': '25.00', 'avg': '32.50', 'max': '40.00'}",money,USD,Isla Vista
355,65,"Mortgage Interest Rate in Percentages for 20 Years Fixed-Rate, Yearly, Fixed-Rate",7,Salaries And Financing,4.03,4.48,4.93,,percent,,Isla Vista
356,68,"Imported Beer, 0.33 liter Bottle",4,Markets,3.5,5.0,6.5,"{'min': '3.50', 'avg': '5.00', 'max': '6.50'}",money,USD,Isla Vista
357,4,"Private Preschool or Kindergarten, Monthly for 1 Child",2,Childcare,450.0,500.0,550.0,"{'min': '450.00', 'avg': '500.00', 'max': '550.00'}",money,USD,Beeville
358,5,"Pair of Jeans in a Chain Store Like George, H&M, Zara, etc.",3,Clothing And Shoes,24.0,34.67,50.0,"{'min': '24.00', 'avg': '34.67', 'max': '50.00'}",money,USD,Beeville
359,6,Pair of Leather Business Shoes,3,Clothing And Shoes,50.0,65.0,80.0,"{'min': '50.00', 'avg': '65.00', 'max': '80.00'}",money,USD,Beeville
360,7,"Pair of Running Shoes, Mid-Range Price",3,Clothing And Shoes,55.0,57.0,59.0,"{'min': '55.00', 'avg': '57.00', 'max': '59.00'}",money,USD,Beeville
361,9,"Apples, 1 kg",4,Markets,2.72,3.02,3.32,"{'min': '2.72', 'avg': '3.02', 'max': '3.32'}",money,USD,Beeville
362,10,"Banana, 1 kg",4,Markets,0.95,1.06,1.17,"{'min': '0.95', 'avg': '1.06', 'max': '1.17'}",money,USD,Beeville
363,11,"Beef Round or Equivalent Back Leg Red Meat, 1 kg ",4,Markets,7.78,8.64,9.5,"{'min': '7.78', 'avg': '8.64', 'max': '9.50'}",money,USD,Beeville
364,13,"Chicken Breasts, Boneless and Skinless, 1 kg",4,Markets,8.32,9.24,10.16,"{'min': '8.32', 'avg': '9.24', 'max': '10.16'}",money,USD,Beeville
365,15,"Eggs, 12 pack",4,Markets,1.21,1.34,1.47,"{'min': '1.21', 'avg': '1.34', 'max': '1.47'}",money,USD,Beeville
366,18,"Loaf of Fresh White Bread, 0.5 kg",4,Markets,1.57,1.74,1.91,"{'min': '1.57', 'avg': '1.74', 'max': '1.91'}",money,USD,Beeville
367,20,"Milk, Regular,1 liter",4,Markets,0.47,0.52,0.57,"{'min': '0.47', 'avg': '0.52', 'max': '0.57'}",money,USD,Beeville
368,21,"Onion, 1 kg",4,Markets,1.75,1.94,2.13,"{'min': '1.75', 'avg': '1.94', 'max': '2.13'}",money,USD,Beeville
369,24,"Potato, 1 kg",4,Markets,1.75,1.94,2.13,"{'min': '1.75', 'avg': '1.94', 'max': '2.13'}",money,USD,Beeville
370,25,"White Rice, 1 kg",4,Markets,4.46,4.96,5.46,"{'min': '4.46', 'avg': '4.96', 'max': '5.46'}",money,USD,Beeville
371,27,"Water, 1.5 liter Bottle",4,Markets,1.59,1.77,1.95,"{'min': '1.59', 'avg': '1.77', 'max': '1.95'}",money,USD,Beeville
372,32,Cappuccino,6,Restaurants,3.6,4.0,4.4,"{'min': '3.60', 'avg': '4.00', 'max': '4.40'}",money,USD,Beeville
373,33,"Coca-Cola, 0.33 liter Bottle",6,Restaurants,2.25,2.5,2.75,"{'min': '2.25', 'avg': '2.50', 'max': '2.75'}",money,USD,Beeville
374,34,"Domestic Beer, 0.5 liter Draught",6,Restaurants,1.8,2.0,2.2,"{'min': '1.80', 'avg': '2.00', 'max': '2.20'}",money,USD,Beeville
375,35,"Imported Beer, 0.33 liter Bottle",6,Restaurants,3.6,4.0,4.4,"{'min': '3.60', 'avg': '4.00', 'max': '4.40'}",money,USD,Beeville
376,36,McMeal at McDonalds or Alternative Combo Meal,6,Restaurants,6.3,7.0,7.7,"{'min': '6.30', 'avg': '7.00', 'max': '7.70'}",money,USD,Beeville
377,37,"Meal for 2 People, Mid-range Restaurant, Three-course",6,Restaurants,22.5,25.0,27.5,"{'min': '22.50', 'avg': '25.00', 'max': '27.50'}",money,USD,Beeville
378,38,Meal in Inexpensive Restaurant,6,Restaurants,9.0,10.0,11.0,"{'min': '9.00', 'avg': '10.00', 'max': '11.00'}",money,USD,Beeville
379,42,"Cinema ticket, 1 Seat",8,Sports And Leisure,8.5,10.0,14.0,"{'min': '8.50', 'avg': '10.00', 'max': '14.00'}",money,USD,Beeville
380,45,"Gasoline, 1 liter",9,Transportation,0.57,0.65,0.76,"{'min': '0.57', 'avg': '0.65', 'max': '0.76'}",money,USD,Beeville
381,48,"Taxi, price for 1 hour Waiting, Normal Tariff",9,Transportation,21.6,24.0,26.4,"{'min': '21.60', 'avg': '24.00', 'max': '26.40'}",money,USD,Beeville
382,49,"Taxi, price for 1 km, Normal Tariff",9,Transportation,2.24,2.49,2.74,"{'min': '2.24', 'avg': '2.49', 'max': '2.74'}",money,USD,Beeville
383,50,"Taxi Start, Normal Tariff",9,Transportation,3.6,4.0,4.4,"{'min': '3.60', 'avg': '4.00', 'max': '4.40'}",money,USD,Beeville
384,52,Volkswagen Golf 1.4 90 KW Trendline (Or Equivalent New Car),9,Transportation,18000.0,20000.0,22000.0,"{'min': '18000.00', 'avg': '20000.00', 'max': '22000.00'}",money,USD,Beeville
385,54,"Basic utilities for 85 square meter Apartment including Electricity, Heating or Cooling, Water and Garbage",10,Utilities Per Month,75.0,112.5,150.0,"{'min': '75.00', 'avg': '112.50', 'max': '150.00'}",money,USD,Beeville
386,55,"Internet, 60 Mbps or More, Unlimited Data, Cable/ADSL",10,Utilities Per Month,45.0,67.5,90.0,"{'min': '45.00', 'avg': '67.50', 'max': '90.00'}",money,USD,Beeville
387,58,"Water, 0.33 liter Bottle",4,Markets,0.9,1.0,1.1,"{'min': '0.90', 'avg': '1.00', 'max': '1.10'}",money,USD,Beeville
388,64,"Summer Dress in a Chain Store Like George, H&M, Zara, etc.",3,Clothing And Shoes,27.0,30.0,33.0,"{'min': '27.00', 'avg': '30.00', 'max': '33.00'}",money,USD,Beeville
389,4,"Private Preschool or Kindergarten, Monthly for 1 Child",2,Childcare,700.0,1116.67,1650.0,"{'min': '700.00', 'avg': '1116.67', 'max': '1650.00'}",money,USD,Holderness
390,5,"Pair of Jeans in a Chain Store Like George, H&M, Zara, etc.",3,Clothing And Shoes,42.53,51.27,60.01,"{'min': '42.53', 'avg': '51.27', 'max': '60.01'}",money,USD,Holderness
391,6,Pair of Leather Business Shoes,3,Clothing And Shoes,112.5,125.0,137.5,"{'min': '112.50', 'avg': '125.00', 'max': '137.50'}",money,USD,Holderness
392,7,"Pair of Running Shoes, Mid-Range Price",3,Clothing And Shoes,108.0,120.0,132.0,"{'min': '108.00', 'avg': '120.00', 'max': '132.00'}",money,USD,Holderness
393,9,"Apples, 1 kg",4,Markets,3.97,4.41,4.85,"{'min': '3.97', 'avg': '4.41', 'max': '4.85'}",money,USD,Holderness
394,10,"Banana, 1 kg",4,Markets,1.08,2.74,4.41,"{'min': '1.08', 'avg': '2.74', 'max': '4.41'}",money,USD,Holderness
395,12,"Bottle of Wine, Mid-Range Price",4,Markets,13.5,15.0,16.5,"{'min': '13.50', 'avg': '15.00', 'max': '16.50'}",money,USD,Holderness
396,13,"Chicken Breasts, Boneless and Skinless, 1 kg",4,Markets,8.32,9.24,10.16,"{'min': '8.32', 'avg': '9.24', 'max': '10.16'}",money,USD,Holderness
397,15,"Eggs, 12 pack",4,Markets,2.0,2.67,3.34,"{'min': '2.00', 'avg': '2.67', 'max': '3.34'}",money,USD,Holderness
398,17,"Lettuce, 1 head",4,Markets,1.34,1.49,1.64,"{'min': '1.34', 'avg': '1.49', 'max': '1.64'}",money,USD,Holderness
399,18,"Loaf of Fresh White Bread, 0.5 kg",4,Markets,3.31,4.02,4.73,"{'min': '3.31', 'avg': '4.02', 'max': '4.73'}",money,USD,Holderness
400,19,"Local Cheese, 1 kg",4,Markets,11.91,13.23,14.55,"{'min': '11.91', 'avg': '13.23', 'max': '14.55'}",money,USD,Holderness
401,20,"Milk, Regular,1 liter",4,Markets,0.53,0.81,1.11,"{'min': '0.53', 'avg': '0.81', 'max': '1.11'}",money,USD,Holderness
402,23,Pack of Cigarettes,4,Markets,9.0,10.0,11.0,"{'min': '9.00', 'avg': '10.00', 'max': '11.00'}",money,USD,Holderness
403,25,"White Rice, 1 kg",4,Markets,3.97,4.41,4.85,"{'min': '3.97', 'avg': '4.41', 'max': '4.85'}",money,USD,Holderness
404,32,Cappuccino,6,Restaurants,3.0,4.0,5.0,"{'min': '3.00', 'avg': '4.00', 'max': '5.00'}",money,USD,Holderness
405,33,"Coca-Cola, 0.33 liter Bottle",6,Restaurants,1.8,2.0,2.2,"{'min': '1.80', 'avg': '2.00', 'max': '2.20'}",money,USD,Holderness
406,36,McMeal at McDonalds or Alternative Combo Meal,6,Restaurants,7.0,8.0,9.0,"{'min': '7.00', 'avg': '8.00', 'max': '9.00'}",money,USD,Holderness
407,37,"Meal for 2 People, Mid-range Restaurant, Three-course",6,Restaurants,30.0,50.0,70.0,"{'min': '30.00', 'avg': '50.00', 'max': '70.00'}",money,USD,Holderness
408,38,Meal in Inexpensive Restaurant,6,Restaurants,15.0,20.0,25.0,"{'min': '15.00', 'avg': '20.00', 'max': '25.00'}",money,USD,Holderness
409,42,"Cinema ticket, 1 Seat",8,Sports And Leisure,11.0,12.5,14.0,"{'min': '11.00', 'avg': '12.50', 'max': '14.00'}",money,USD,Holderness
410,45,"Gasoline, 1 liter",9,Transportation,0.51,0.6,0.75,"{'min': '0.51', 'avg': '0.60', 'max': '0.75'}",money,USD,Holderness
411,54,"Basic utilities for 85 square meter Apartment including Electricity, Heating or Cooling, Water and Garbage",10,Utilities Per Month,85.0,170.64,326.92,"{'min': '85.00', 'avg': '170.64', 'max': '326.92'}",money,USD,Holderness
412,55,"Internet, 60 Mbps or More, Unlimited Data, Cable/ADSL",10,Utilities Per Month,60.0,75.0,95.0,"{'min': '60.00', 'avg': '75.00', 'max': '95.00'}",money,USD,Holderness
413,58,"Water, 0.33 liter Bottle",4,Markets,1.8,2.0,2.2,"{'min': '1.80', 'avg': '2.00', 'max': '2.20'}",money,USD,Holderness
414,64,"Summer Dress in a Chain Store Like George, H&M, Zara, etc.",3,Clothing And Shoes,27.0,30.0,33.0,"{'min': '27.00', 'avg': '30.00', 'max': '33.00'}",money,USD,Holderness
415,65,"Mortgage Interest Rate in Percentages for 20 Years Fixed-Rate, Yearly, Fixed-Rate",7,Salaries And Financing,4.09,4.54,4.99,,percent,,Holderness
